student_id,cohort_label,level,platform,tutor,timeslot
recFSdwYfNCB63RGQ,A10,ADVANCED,LIVECODE,Greg,WEDNESDAY 17:30
rec7WvMWigYLUHi9n,A10,ADVANCED,LIVECODE,Greg,WEDNESDAY 17:30
recHlY5lqssRoYch6,A10,ADVANCED,LIVECODE,Greg,WEDNESDAY 17:30
rec7v6gitq5AMGyg9,A10,ADVANCED,LIVECODE,Greg,WEDNESDAY 17:30
recXyJugGyICj8bNa,A10,ADVANCED,LIVECODE,Greg,WEDNESDAY 17:30
rec8xMMTeV35sjvpA,A10,ADVANCED,LIVECODE,Greg,WEDNESDAY 17:30
recME8MsPvgGPuApL,A10,ADVANCED,LIVECODE,Greg,WEDNESDAY 17:30
rectee0qu5RIhqqVC,A10,ADVANCED,LIVECODE,Hendrik,TUESDAY 15:30
recfWXRZPWIvWglHd,A10,ADVANCED,LIVECODE,Hendrik,TUESDAY 15:30
recOpeDfbkJcxuXZJ,A10,ADVANCED,LIVECODE,Hendrik,TUESDAY 15:30
recPsQwJYPW4PpB6Z,A10,ADVANCED,LIVECODE,Hendrik,TUESDAY 15:30
recnymkXyZ2hudUEs,A10,ADVANCED,LIVECODE,Hendrik,TUESDAY 15:30
recZJlXGDKBK40DAh,A10,ADVANCED,LIVECODE,Hendrik,TUESDAY 15:30
receeX3hEhHd2xFVD,A10,ADVANCED,LIVECODE,Imaan,THURSDAY 15:30
rec91VenTQCwCZxM6,A10,ADVANCED,LIVECODE,Imaan,THURSDAY 15:30
recbIaxtIUZovcClz,A10,ADVANCED,LIVECODE,Imaan,THURSDAY 15:30
recqwVcGZ5C8zksUn,A10,ADVANCED,LIVECODE,Imaan,THURSDAY 15:30
recz2J14vqmzWK06A,A10,ADVANCED,LIVECODE,Imaan,THURSDAY 15:30
recY7I21EhXCFsWvr,A10,ADVANCED,LIVECODE,Imaan,TUESDAY 15:30
recpLOpgbwsueRHiX,A10,ADVANCED,LIVECODE,Imaan,TUESDAY 15:30
recJUI8mnf0LjNgbI,A10,ADVANCED,LIVECODE,Imaan,TUESDAY 15:30
recUegiE35JW79zOt,A10,ADVANCED,LIVECODE,Imaan,TUESDAY 15:30
recyF6Zw0I945dHbb,A10,ADVANCED,LIVECODE,Imaan,TUESDAY 15:30
recLh5PSTAAUgMQWp,A10,ADVANCED,LIVECODE,Imaan,TUESDAY 15:30
reczxoeCgVOjBVjCT,A10,ADVANCED,LIVECODE,Selasie,WEDNESDAY 17:30
rec9D7xeSHFiMNKL7,A10,ADVANCED,LIVECODE,Selasie,WEDNESDAY 17:30
recDF2mqidMxlT8d3,A10,ADVANCED,LIVECODE,Selasie,WEDNESDAY 17:30
recUTQYcpfYcIdOiu,A10,ADVANCED,LIVECODE,Selasie,WEDNESDAY 17:30
recufucdxVDk2Qi2i,A10,ADVANCED,LIVECODE,Vivienne,MONDAY 17:30
recOpA9e0ndb7fcjR,A10,ADVANCED,LIVECODE,Vivienne,MONDAY 17:30
recOzm8XwB6CERZrC,A10,ADVANCED,LIVECODE,Vivienne,MONDAY 17:30
recnhpnzvsf1ys6nj,A10,ADVANCED,LIVECODE,Vivienne,MONDAY 17:30
recj06T53E1QnepXj,A10,ADVANCED,LIVECODE,Vivienne,MONDAY 17:30
recCHvrPpyB9a0hro,A10,ADVANCED,LIVECODE,Vivienne,MONDAY 17:30
reczZSngQXKMjGIws,A11,ADVANCED,LIVECODE,Greg,TUESDAY 17:30
reckUCoIU0Zca62Nj,A11,ADVANCED,LIVECODE,Greg,TUESDAY 17:30
recAEH1x6VhUlpUTp,A11,ADVANCED,LIVECODE,Greg,TUESDAY 17:30
recSSXEZxmG8mBCMF,A11,ADVANCED,LIVECODE,Greg,TUESDAY 17:30
recnW7uHLSOw6cUwr,A11,ADVANCED,LIVECODE,Greg,TUESDAY 17:30
recVvz6SX8SDyGY5g,A11,ADVANCED,LIVECODE,Greg,TUESDAY 17:30
recaeI9D0IDJ2D7ZW,A11,ADVANCED,LIVECODE,Hendrik,TUESDAY 17:30
recc12v0ACmLqw5XL,A11,ADVANCED,LIVECODE,Hendrik,TUESDAY 17:30
recl7bIo8LlINtCAO,A11,ADVANCED,LIVECODE,Hendrik,TUESDAY 17:30
recfwhHhCfMBO9CHB,A11,ADVANCED,LIVECODE,Hendrik,TUESDAY 17:30
recKBDSfbwNdUn6KC,A11,ADVANCED,LIVECODE,Hendrik,TUESDAY 17:30
recgTD1QCWsVfcXUH,A11,ADVANCED,LIVECODE,Hendrik,TUESDAY 17:30
recm9ParmMkPSS3IR,A11,ADVANCED,LIVECODE,Hendrik,TUESDAY 17:30
recP5aXdf8F8LSy30,A11,ADVANCED,LIVECODE,Hendrik,WEDNESDAY 16:30
rec8RdHAjnEkgcQSa,A11,ADVANCED,LIVECODE,Hendrik,WEDNESDAY 16:30
recq5QqzrOXOfccMu,A11,ADVANCED,LIVECODE,Hendrik,WEDNESDAY 16:30
recJOwyvfKq0349LW,A11,ADVANCED,LIVECODE,Imaan,MONDAY 15:30
recJGCXjpV2jxZC9y,A11,ADVANCED,LIVECODE,Imaan,MONDAY 15:30
recoI03ocw1OGsvnC,A11,ADVANCED,LIVECODE,Imaan,MONDAY 15:30
reck35E9ik4PCbetM,A11,ADVANCED,LIVECODE,Imaan,MONDAY 15:30
reciRxoRyt74uxu7P,A11,ADVANCED,LIVECODE,Imaan,MONDAY 15:30
recSI5pUBw9dzQIym,A11,ADVANCED,LIVECODE,Imaan,MONDAY 15:30
rec7FU68OWcNhJr3g,A11,ADVANCED,LIVECODE,Imaan,WEDNESDAY 15:30
recZGCwvC1CEJivUB,A11,ADVANCED,LIVECODE,Imaan,WEDNESDAY 15:30
recebLn9eMeVSKekd,A11,ADVANCED,LIVECODE,Imaan,WEDNESDAY 15:30
recol9NYw7mmLlKL8,A11,ADVANCED,LIVECODE,Imaan,WEDNESDAY 15:30
recLeTX0lFlwjv7BJ,A11,ADVANCED,LIVECODE,Louise,MONDAY 17:30
recGqnPw9DfIUg4gb,A11,ADVANCED,LIVECODE,Louise,MONDAY 17:30
rec6fuPKa2d1MIcIW,A11,ADVANCED,LIVECODE,Louise,MONDAY 17:30
reco6MhOnRcRzKGkX,A11,ADVANCED,LIVECODE,Louise,MONDAY 17:30
recNSkflwqDFo2mcy,A11,ADVANCED,LIVECODE,Vivienne,WEDNESDAY 17:30
rece11qOHpimZSI54,A11,ADVANCED,LIVECODE,Vivienne,WEDNESDAY 17:30
rectBuMbrNjWaCBGL,A11,ADVANCED,LIVECODE,Vivienne,WEDNESDAY 17:30
recpgAwiJKoUpL5du,A11,ADVANCED,LIVECODE,Vivienne,WEDNESDAY 17:30
recoqjfKKIe7gwS8i,A11,ADVANCED,LIVECODE,Vivienne,WEDNESDAY 17:30
recwUDFRTFeDGKR8s,A11,ADVANCED,LIVECODE,Vivienne,WEDNESDAY 17:30
recuXkJGYO8Potiem,A12,ADVANCED,SCRATCH,Dan,THURSDAY 16:30
recJtEA5m2q56px7q,A12,ADVANCED,SCRATCH,Dan,THURSDAY 16:30
recVnJfVEDlAupLBt,A12,ADVANCED,SCRATCH,Dan,THURSDAY 16:30
recldCfGkoBDk2Djg,A12,ADVANCED,SCRATCH,Dan,THURSDAY 16:30
recCTVRzDZB7PHzN0,A12,ADVANCED,SCRATCH,Hendrik,WEDNESDAY 15:30
recaPi2Feu3bsxh3t,A12,ADVANCED,SCRATCH,Hendrik,WEDNESDAY 15:30
recGc7EFsDqh05ziS,A12,ADVANCED,SCRATCH,Hendrik,WEDNESDAY 15:30
recKCqJFEgrI6K0Ax,A12,ADVANCED,SCRATCH,Hendrik,WEDNESDAY 15:30
rec9wAFB2sETIPAdL,A12,ADVANCED,SCRATCH,Hendrik,WEDNESDAY 15:30
recuoIrAdMBJX5VyG,A12,ADVANCED,SCRATCH,Hendrik,WEDNESDAY 15:30
recPZIxoTha6uML0t,A12,ADVANCED,SCRATCH,Hendrik,WEDNESDAY 15:30
recMfcAw4moPEHGar,A12,ADVANCED,SCRATCH,Imaan,THURSDAY 17:30
recM4FGH6RhjWVV18,A12,ADVANCED,SCRATCH,Imaan,THURSDAY 17:30
rec6l9URqB1oY5bu4,A12,ADVANCED,SCRATCH,Imaan,THURSDAY 17:30
recCC0iRjfkECvzn8,A12,ADVANCED,SCRATCH,Imaan,THURSDAY 17:30
rec3dukWBVNX4J1BP,A12,ADVANCED,SCRATCH,Imaan,THURSDAY 17:30
rec90BFDd0os5xRcn,A12,ADVANCED,SCRATCH,Imaan,THURSDAY 17:30
recjWB3S09I7s3X6D,A12,ADVANCED,SCRATCH,Imaan,THURSDAY 17:30
recV9WaSwAg63Yx9G,A12,ADVANCED,SCRATCH,Inhle,THURSDAY 17:30
recpUII8UBStkYWE5,A12,ADVANCED,SCRATCH,Inhle,THURSDAY 17:30
recip8KkkFULUGAL4,A12,ADVANCED,SCRATCH,Inhle,THURSDAY 17:30
reccMKKFsE76EmsCJ,A12,ADVANCED,SCRATCH,Inhle,THURSDAY 17:30
recWWXIZImbfYk9sA,A12,ADVANCED,SCRATCH,Inhle,THURSDAY 17:30
recM6y68npcmmD54w,A12,ADVANCED,SCRATCH,Inhle,THURSDAY 17:30
reclVeaDMl0ZcYhmU,A12,ADVANCED,SCRATCH,Inhle,THURSDAY 17:30
recIOykAwwFD2OI5p,A12,ADVANCED,SCRATCH,Inhle,TUESDAY 17:30
recE66LIwmFtC5eYP,A12,ADVANCED,SCRATCH,Inhle,TUESDAY 17:30
recun7y76UKJvKB2q,A12,ADVANCED,SCRATCH,Inhle,TUESDAY 17:30
rec5m3N53CJlTWf7I,A12,ADVANCED,SCRATCH,Inhle,TUESDAY 17:30
recwioir2WpMcsi2K,A12,ADVANCED,SCRATCH,Inhle,TUESDAY 17:30
rec4WQbR8qOhuV0jY,A12,ADVANCED,SCRATCH,Inhle,TUESDAY 17:30
recfeQuymZ0dJ6mjp,A12,ADVANCED,SCRATCH,Inhle,TUESDAY 17:30
recqSXsZGmOMuVapA,A12,ADVANCED,SCRATCH,Louise,WEDNESDAY 15:30
rec0thHD9zoNusmZX,A12,ADVANCED,SCRATCH,Louise,WEDNESDAY 15:30
recIZn8r7LPc6VEEl,A12,ADVANCED,SCRATCH,Louise,WEDNESDAY 15:30
recgAoUPc2f06OGM7,A12,ADVANCED,SCRATCH,Louise,WEDNESDAY 15:30
rec5LdnlLY08ApFFo,A12,ADVANCED,SCRATCH,Louise,WEDNESDAY 15:30
recdMuqpWkSQyrPUk,A12,ADVANCED,SCRATCH,Louise,WEDNESDAY 15:30
recn8gocNJOtMCdD5,A13,ADVANCED,SCRATCH,Imaan,MONDAY 17:30
recycRYVfRtscJbh5,A13,ADVANCED,SCRATCH,Imaan,MONDAY 17:30
recj2g8ZQ4AbTmwCT,A13,ADVANCED,SCRATCH,Imaan,MONDAY 17:30
rec7nyylCJhtUPQKd,A13,ADVANCED,SCRATCH,Imaan,MONDAY 17:30
rec1lwfedHKVcLPG7,A13,ADVANCED,SCRATCH,Liza,MONDAY 15:30
recvoQloDLliy9mKc,A13,ADVANCED,SCRATCH,Liza,MONDAY 15:30
recl3LOnYYYmkFQvk,A13,ADVANCED,SCRATCH,Liza,MONDAY 15:30
recGSKd2UjNPNsVjZ,A13,ADVANCED,SCRATCH,Liza,MONDAY 15:30
recRHEPApRUWoGEk9,A13,ADVANCED,SCRATCH,Liza,WEDNESDAY 17:30
recsKx9IHsWGKQEHI,A13,ADVANCED,SCRATCH,Liza,WEDNESDAY 17:30
recdb6MJ5rfL0Hzg3,A13,ADVANCED,SCRATCH,Liza,WEDNESDAY 17:30
recf0gv9zZjT1jXR3,A13,ADVANCED,SCRATCH,Liza,WEDNESDAY 17:30
recfJwWzMBoGdCR5q,A13,ADVANCED,SCRATCH,Liza,WEDNESDAY 17:30
recMG7vJr45cF7msd,A13,ADVANCED,SCRATCH,Liza,WEDNESDAY 17:30
recEEaA7wl1KAUHz9,A13,ADVANCED,SCRATCH,Selasie,THURSDAY 16:30
recNUhc6VhNSWOw94,A13,ADVANCED,SCRATCH,Selasie,THURSDAY 16:30
recQ1PebXksdV180l,A13,ADVANCED,SCRATCH,Selasie,THURSDAY 16:30
recrN8NA9OtKf67ES,A13,ADVANCED,SCRATCH,Selasie,THURSDAY 16:30
recu9Q35VEtdlUHsM,A7,ADVANCED,PYTHON,Dan,TUESDAY 17:30
recbXVsoAY6ck9gPW,A7,ADVANCED,PYTHON,Dan,TUESDAY 17:30
recYppt2yZdDLYZrE,A7,ADVANCED,PYTHON,Dan,TUESDAY 17:30
recI42IcBUSirbRSw,A7,ADVANCED,PYTHON,Dan,TUESDAY 17:30
recdUXneliFBIYNMB,A7,ADVANCED,PYTHON,Dan,TUESDAY 17:30
rec8kf10SBtK7SjtK,A7,ADVANCED,PYTHON,Louise,TUESDAY 17:30
recRwn5FczgNXdwjj,A7,ADVANCED,PYTHON,Louise,TUESDAY 17:30
recvq91zXsKsIhYWD,A7,ADVANCED,PYTHON,Louise,TUESDAY 17:30
recxTz3Q5KMOCwftH,A7,ADVANCED,PYTHON,Louise,TUESDAY 17:30
recCVR4jKIoikynMz,A7,ADVANCED,PYTHON,Louise,TUESDAY 17:30
rec0Oq3QwU5B3zjIk,A7,ADVANCED,PYTHON,Louise,WEDNESDAY 17:30
rec9sOKMWq1re0xod,A7,ADVANCED,PYTHON,Louise,WEDNESDAY 17:30
recsme8LlSH0nSCAe,A7,ADVANCED,PYTHON,Louise,WEDNESDAY 17:30
recXlgGEg4FJXEPqN,A7,ADVANCED,PYTHON,Louise,WEDNESDAY 17:30
rec6ABocN7RBz00FH,A7,ADVANCED,PYTHON,Louise,WEDNESDAY 17:30
recQSHSI7fHXVI49F,A7,ADVANCED,PYTHON,Louise,WEDNESDAY 17:30
recCkGPDZN798Qb5N,A7,ADVANCED,PYTHON,Louise,WEDNESDAY 17:30
recGGsc0zFJ0PsaCy,A8,ADVANCED,PYTHON,Greg,THURSDAY 16:30
rec2pxFnHaFRu4DoA,A8,ADVANCED,PYTHON,Greg,THURSDAY 16:30
rec3kIaRMjy4fbk7d,A8,ADVANCED,PYTHON,Greg,THURSDAY 16:30
rect4C17i3E3MoXqY,A8,ADVANCED,PYTHON,Greg,THURSDAY 16:30
recDjUPlfF58ntmCm,A8,ADVANCED,PYTHON,Greg,WEDNESDAY 16:30
recPJquVfaekaHxxt,A8,ADVANCED,PYTHON,Greg,WEDNESDAY 16:30
rec6GklEONPj6NoFO,A8,ADVANCED,PYTHON,Greg,WEDNESDAY 16:30
recPWES83Q4aZHe7q,A8,ADVANCED,PYTHON,Hendrik,THURSDAY 17:30
recRFjeVjU98ypgRC,A8,ADVANCED,PYTHON,Hendrik,THURSDAY 17:30
recqxfI8qmASnwhkQ,A8,ADVANCED,PYTHON,Hendrik,THURSDAY 17:30
recO109oAgDjgahci,A8,ADVANCED,PYTHON,Hendrik,THURSDAY 17:30
recIrWT2sgGBy6sLu,A8,ADVANCED,PYTHON,Hendrik,THURSDAY 17:30
receipCzzzhROITMw,A8,ADVANCED,PYTHON,Hendrik,THURSDAY 17:30
rec1N97eJ58viU3v5,A8,ADVANCED,PYTHON,Hendrik,THURSDAY 17:30
recKRBz5AUsiGk2x4,A8,ADVANCED,PYTHON,Imaan,WEDNESDAY 17:30
rec3l2r6HEf5O9Bmv,A8,ADVANCED,PYTHON,Imaan,WEDNESDAY 17:30
recfbF61Af4zkJGd0,A8,ADVANCED,PYTHON,Imaan,WEDNESDAY 17:30
recmmgRKpK95aHNbj,A8,ADVANCED,PYTHON,Imaan,WEDNESDAY 17:30
recGx4fG873rSGWQL,A8,ADVANCED,PYTHON,Imaan,WEDNESDAY 17:30
recuJnKSCfAoxPq0g,A8,ADVANCED,PYTHON,Imaan,WEDNESDAY 17:30
rechgikuZ39CLixah,A8,ADVANCED,PYTHON,Imaan,WEDNESDAY 17:30
recSRSsACrEoeR7Vv,A8,ADVANCED,PYTHON,Louise,TUESDAY 15:30
rec59QAapRw8ErFTV,A8,ADVANCED,PYTHON,Louise,TUESDAY 15:30
recioUL282O7tBXrK,A8,ADVANCED,PYTHON,Louise,TUESDAY 15:30
rech4yHEnvXnyhxtL,A8,ADVANCED,PYTHON,Louise,TUESDAY 15:30
recVU708lmlAOjlkA,A8,ADVANCED,PYTHON,Louise,TUESDAY 15:30
recD928tLUFS9E09g,A8,ADVANCED,PYTHON,Louise,TUESDAY 15:30
recBJxS2WhOXr4Emg,A8,ADVANCED,PYTHON,Louise,WEDNESDAY 16:30
recVklHJV00IMaGMY,A8,ADVANCED,PYTHON,Louise,WEDNESDAY 16:30
rec7STC7oxQ5hniLO,A8,ADVANCED,PYTHON,Louise,WEDNESDAY 16:30
recAPrDuCOBMPau1F,A8,ADVANCED,PYTHON,Louise,WEDNESDAY 16:30
recYbPrJpMYdBLHoT,A8,ADVANCED,PYTHON,Louise,WEDNESDAY 16:30
recGIUhxn2jNhHPew,A8,ADVANCED,PYTHON,Selasie,THURSDAY 17:30
recyMfLnW4BzUQABw,A8,ADVANCED,PYTHON,Selasie,THURSDAY 17:30
rec8CP3Cy2sgQrfhv,A8,ADVANCED,PYTHON,Selasie,THURSDAY 17:30
recNyC7KZrXDcpLh8,A8,ADVANCED,PYTHON,Selasie,THURSDAY 17:30
recEFmcm0Ne9L7FFT,A8,ADVANCED,PYTHON,Selasie,THURSDAY 17:30
rece6sfLnfj94eXaR,A8,ADVANCED,PYTHON,Selasie,TUESDAY 15:30
recOAShsOBNZHjVHO,A8,ADVANCED,PYTHON,Selasie,TUESDAY 15:30
recRNIr3ORofzga3N,A8,ADVANCED,PYTHON,Selasie,TUESDAY 15:30
reczJsytkUajUIJdo,A8,ADVANCED,PYTHON,Selasie,TUESDAY 15:30
recdkF8RhxG16nKTU,A8,ADVANCED,PYTHON,Selasie,TUESDAY 15:30
recbfrq9pHPXaGSJU,A8,ADVANCED,PYTHON,Selasie,TUESDAY 15:30
recprZh1aLE5NQiW0,A8,ADVANCED,PYTHON,Selasie,TUESDAY 17:30
recgocfxBsyuhD6z1,A8,ADVANCED,PYTHON,Selasie,TUESDAY 17:30
reckcrfwpRzKeFVrO,A8,ADVANCED,PYTHON,Selasie,TUESDAY 17:30
recovipAoVFIwcOZh,A8,ADVANCED,PYTHON,Selasie,TUESDAY 17:30
rec9gaNDAitrB6ruX,A8,ADVANCED,PYTHON,Selasie,TUESDAY 17:30
recaLBEgpYiDKZbGW,A8,ADVANCED,PYTHON,Selasie,TUESDAY 17:30
rec0QsMtOq08FTRc3,A8,ADVANCED,PYTHON,Selasie,TUESDAY 17:30
recCTCGyYErAJDM7V,A8,ADVANCED,PYTHON,Vivienne,THURSDAY 17:30
recl64z68PiRmciYO,A8,ADVANCED,PYTHON,Vivienne,THURSDAY 17:30
recPZ7540448TegME,A8,ADVANCED,PYTHON,Vivienne,THURSDAY 17:30
recmML4OEBeSdHou7,A8,ADVANCED,PYTHON,Vivienne,THURSDAY 17:30
recuZojHdH14pg0hd,A8,ADVANCED,PYTHON,Vivienne,THURSDAY 17:30
rechH2L6F8ui11GEm,A8,ADVANCED,PYTHON,Vivienne,THURSDAY 17:30
rec7sYoRzGEoOBexi,A9,ADVANCED,LIVECODE,Selasie,MONDAY 15:30
recSDG9t5qXbatR6d,A9,ADVANCED,LIVECODE,Selasie,MONDAY 15:30
recdPA7UmXLLwSyLy,A9,ADVANCED,LIVECODE,Selasie,MONDAY 15:30
recHrBeKaFjRNyYZH,A9,ADVANCED,LIVECODE,Selasie,MONDAY 15:30
recV1ZPSCtxipGRaG,A9,ADVANCED,LIVECODE,Selasie,MONDAY 15:30
recdfdF4rmRuhgvgn,A9,ADVANCED,LIVECODE,Selasie,MONDAY 15:30
recJAuT9NCkj9Mp5y,A9,ADVANCED,LIVECODE,Selasie,MONDAY 15:30
recqKYENwkfVPxVZP,A9,ADVANCED,LIVECODE,Selasie,WEDNESDAY 16:30
recbLD8du7iXqDw2h,A9,ADVANCED,LIVECODE,Selasie,WEDNESDAY 16:30
reco5d9OrH5kek38O,A9,ADVANCED,LIVECODE,Selasie,WEDNESDAY 16:30
recx3gtviwdFM1dLa,A9,ADVANCED,LIVECODE,Selasie,WEDNESDAY 16:30
recVQe3PCn14mWXRu,A9,ADVANCED,LIVECODE,Selasie,WEDNESDAY 16:30
recT7xjKrRlKRlqlj,A9,ADVANCED,LIVECODE,Selasie,WEDNESDAY 16:30
recDLd8Q2zJmzHlME,A9,ADVANCED,LIVECODE,Selasie,WEDNESDAY 16:30
recgu3qo94sQ3dhvf,B10,BEGINNER,SCRATCH,Bilqees,MONDAY 17:30
recQjWKCmy312Ho8K,B10,BEGINNER,SCRATCH,Bilqees,MONDAY 17:30
rec8uDpfcgBydaIze,B10,BEGINNER,SCRATCH,Bilqees,MONDAY 17:30
rec8ORsGdxQvw8IZy,B10,BEGINNER,SCRATCH,Bilqees,MONDAY 17:30
rec9u5n1WeCZVAhBm,B10,BEGINNER,SCRATCH,Bilqees,MONDAY 17:30
recE85LuN1HcrFo4b,B10,BEGINNER,SCRATCH,Bilqees,MONDAY 17:30
reccjoqHqTR9ZfYtK,B10,BEGINNER,SCRATCH,Bilqees,WEDNESDAY 16:30
rec1khCqw7f1p4jQL,B10,BEGINNER,SCRATCH,Bilqees,WEDNESDAY 16:30
recfm5rVBiX4GmTz9,B10,BEGINNER,SCRATCH,Bilqees,WEDNESDAY 16:30
recv2PdH5jFV1AXTk,B10,BEGINNER,SCRATCH,Bilqees,WEDNESDAY 16:30
reca3OiBJ6rS3KgSr,B10,BEGINNER,SCRATCH,Bilqees,WEDNESDAY 16:30
recaCbWDVbHh9WAoH,B10,BEGINNER,SCRATCH,Bilqees,WEDNESDAY 16:30
recumfEvieihE6EiP,B10,BEGINNER,SCRATCH,Christine,MONDAY 16:30
rect8S9VQPKSLFmOR,B10,BEGINNER,SCRATCH,Christine,MONDAY 16:30
recXgOZuuv4F5db3t,B10,BEGINNER,SCRATCH,Christine,MONDAY 16:30
recX5uXvzve2CDgsj,B10,BEGINNER,SCRATCH,Christine,MONDAY 16:30
reczqk65VubUl6ZWw,B10,BEGINNER,SCRATCH,Christine,MONDAY 16:30
recoynFBXcQxKtbW0,B10,BEGINNER,SCRATCH,Christine,MONDAY 16:30
rec62bXciDyB8uLzv,B10,BEGINNER,SCRATCH,Dieter,THURSDAY 15:30
recvB97hkWouxf9NI,B10,BEGINNER,SCRATCH,Dieter,THURSDAY 15:30
recKVF370as9Jo3QD,B10,BEGINNER,SCRATCH,Dieter,THURSDAY 15:30
recuc8cds08EvIAnF,B10,BEGINNER,SCRATCH,Kiah,WEDNESDAY 16:30
recs7tTlgtCsB5dar,B10,BEGINNER,SCRATCH,Kiah,WEDNESDAY 16:30
recN6wEePA1QxZbLp,B10,BEGINNER,SCRATCH,Kiah,WEDNESDAY 16:30
recY2ULTxz1a6bzHc,B10,BEGINNER,SCRATCH,Kiah,WEDNESDAY 16:30
rec5gNzcesiH2rxnp,B10,BEGINNER,SCRATCH,Kiah,WEDNESDAY 16:30
rec38hyfALSpDSMl1,B10,BEGINNER,SCRATCH,Kiah,WEDNESDAY 16:30
recBQvFhEm2ODHvLJ,B10,BEGINNER,SCRATCH,Kiah,WEDNESDAY 16:30
recRQtjsTHiPJxsaq,B10,BEGINNER,SCRATCH,Miche,THURSDAY 17:30
recusAbHZ2bouI1Bh,B10,BEGINNER,SCRATCH,Miche,THURSDAY 17:30
recVGHqY86WPnNtvM,B10,BEGINNER,SCRATCH,Miche,THURSDAY 17:30
recwf7lpAPEEmxGRI,B10,BEGINNER,SCRATCH,Miche,THURSDAY 17:30
recte8kYfBUgdOCH8,B10,BEGINNER,SCRATCH,Miche,THURSDAY 17:30
recKDSEAjjFwjqpco,B10,BEGINNER,SCRATCH,Miche,THURSDAY 17:30
rectIJKX9MlH4HlMj,B10,BEGINNER,SCRATCH,Miche,THURSDAY 17:30
recwnvMe670EpcAuG,B10,BEGINNER,SCRATCH,Miche,THURSDAY 17:30
recPxN1sQzUg9JtDj,B10,BEGINNER,SCRATCH,Tiffany,TUESDAY 15:30
recqaJS7zNaVGCoZ1,B10,BEGINNER,SCRATCH,Tiffany,TUESDAY 15:30
rec7CnLGgr6boqJWS,B10,BEGINNER,SCRATCH,Tiffany,TUESDAY 15:30
recF2coCA865sdY0n,B10,BEGINNER,SCRATCH,Tiffany,TUESDAY 15:30
recpR6XFmZcEfGI2a,B10,BEGINNER,SCRATCH,Tiffany,TUESDAY 15:30
recL10mr58yov9v6X,B10,BEGINNER,SCRATCH,Tiffany,TUESDAY 15:30
recUZat5VwMbXUPpu,B11,BEGINNER,SCRATCH,Christine,THURSDAY 17:30
recQuNZltRwEqwGca,B11,BEGINNER,SCRATCH,Christine,THURSDAY 17:30
recXQX2lt4znZVom4,B11,BEGINNER,SCRATCH,Christine,THURSDAY 17:30
rectrHx3tdTNQ6x7O,B11,BEGINNER,SCRATCH,Christine,THURSDAY 17:30
reclLbbBZLhAxrDIr,B11,BEGINNER,SCRATCH,Christine,THURSDAY 17:30
recLycxGXQlLq5cBc,B11,BEGINNER,SCRATCH,Christine,THURSDAY 17:30
recU00dV6Rv1AODdo,B11,BEGINNER,SCRATCH,Dieter,THURSDAY 17:30
reciQrC0AJX4FRHAA,B11,BEGINNER,SCRATCH,Dieter,THURSDAY 17:30
recl5g1zFI3Pz96xN,B11,BEGINNER,SCRATCH,Dieter,THURSDAY 17:30
recDi9pDG2gmyUJqX,B11,BEGINNER,SCRATCH,Dieter,THURSDAY 17:30
recPdXIOiaEGsUKke,B11,BEGINNER,SCRATCH,Dieter,TUESDAY 17:30
rec4jCao56mjNunrJ,B11,BEGINNER,SCRATCH,Dieter,TUESDAY 17:30
recvu5TU1oi3UFFzD,B11,BEGINNER,SCRATCH,Dieter,TUESDAY 17:30
rec1SxqzAgWiOA1IC,B11,BEGINNER,SCRATCH,Dieter,TUESDAY 17:30
recoQjqZDqvX0GBxV,B11,BEGINNER,SCRATCH,Dieter,TUESDAY 17:30
recuyS1xeazPbL5nJ,B11,BEGINNER,SCRATCH,Dieter,TUESDAY 17:30
recOIoMBQJmQ8cuGw,B11,BEGINNER,SCRATCH,Dieter,TUESDAY 17:30
recRBltanQg3LMDe8,B12,BEGINNER,SCRATCH,Bilqees,WEDNESDAY 17:30
recoBi4PXbPidmUXe,B12,BEGINNER,SCRATCH,Bilqees,WEDNESDAY 17:30
recTAofIjKM1GUOkt,B12,BEGINNER,SCRATCH,Bilqees,WEDNESDAY 17:30
rec6mRuD5DXHqBEit,B12,BEGINNER,SCRATCH,Bilqees,WEDNESDAY 17:30
recUWXvmUPl5fE4Kw,B12,BEGINNER,SCRATCH,Bilqees,WEDNESDAY 17:30
rec7JTtIZxndxgAxb,B12,BEGINNER,SCRATCH,Bilqees,WEDNESDAY 17:30
recO6uuvegWzmZ7Vw,B12,BEGINNER,SCRATCH,Bilqees,WEDNESDAY 17:30
recDBvlwxzRVWq0XR,B12,BEGINNER,SCRATCH,Jess,TUESDAY 16:30
recZ9VHaofoOKmhib,B12,BEGINNER,SCRATCH,Jess,TUESDAY 16:30
recRpJFmRfcPz3kQg,B12,BEGINNER,SCRATCH,Jess,TUESDAY 16:30
rec4pJmYaGM6QtDhN,B12,BEGINNER,SCRATCH,Jess,TUESDAY 16:30
recZPYoFXABoDQrL6,B12,BEGINNER,SCRATCH,Kiah,TUESDAY 17:30
recyIodOGPDvu9h3D,B12,BEGINNER,SCRATCH,Kiah,TUESDAY 17:30
recfZBrpWWM32JHJf,B12,BEGINNER,SCRATCH,Kiah,TUESDAY 17:30
recNfcSMtixfKkYlh,B12,BEGINNER,SCRATCH,Kiah,TUESDAY 17:30
rec4cghlKYSuRyOLe,B12,BEGINNER,SCRATCH,Kiah,TUESDAY 17:30
rec2XzTQXkxwtbXBe,B12,BEGINNER,SCRATCH,Kiah,TUESDAY 17:30
recuBqrQ53VmcFcxw,B12,BEGINNER,SCRATCH,Kiah,TUESDAY 17:30
recbgNxS4zZgZ3b31,B12,BEGINNER,SCRATCH,Tiffany,THURSDAY 16:30
recFblKX99xHjcJCt,B12,BEGINNER,SCRATCH,Tiffany,THURSDAY 16:30
reclG6j5aLespphZZ,B12,BEGINNER,SCRATCH,Tiffany,THURSDAY 16:30
recWQuyRlKnKIMP1X,B12,BEGINNER,SCRATCH,Tiffany,THURSDAY 16:30
recn5GXpREg6RMQdC,B12,BEGINNER,SCRATCH,Tiffany,THURSDAY 16:30
rec0WwhFj2poAx0T9,B12,BEGINNER,SCRATCH,Tiffany,THURSDAY 16:30
recJ6cfyRtIs4OTGA,B12,BEGINNER,SCRATCH,Tiffany,WEDNESDAY 15:30
recDymTQpeOIe4W5g,B12,BEGINNER,SCRATCH,Tiffany,WEDNESDAY 15:30
recfWaxpDgrEyHJHI,B12,BEGINNER,SCRATCH,Tiffany,WEDNESDAY 15:30
recWvdvM2Tbb2RCS6,B12,BEGINNER,SCRATCH,Tiffany,WEDNESDAY 15:30
recEgZjTeVQ5rSKKc,B13,BEGINNER,SCRATCH,Jess,MONDAY 15:30
reccODXXjSTSxTpg6,B13,BEGINNER,SCRATCH,Jess,MONDAY 15:30
recP5EQMLio4j4tXW,B13,BEGINNER,SCRATCH,Jess,MONDAY 15:30
rechNEszG8W65jao5,B13,BEGINNER,SCRATCH,Jess,MONDAY 15:30
recoqVqclgH4DJW09,B13,BEGINNER,SCRATCH,Jess,MONDAY 15:30
recMpLsleExopgvZk,B13,BEGINNER,SCRATCH,Jess,MONDAY 15:30
recroJ2vxsYIhGzDT,B13,BEGINNER,SCRATCH,Jess,MONDAY 15:30
recXBUwZxLXlqYEil,B13,BEGINNER,SCRATCH,Jess,WEDNESDAY 17:30
rec6YSK61FjT6hqiA,B13,BEGINNER,SCRATCH,Jess,WEDNESDAY 17:30
recg6Numhu8Wn5exE,B13,BEGINNER,SCRATCH,Jess,WEDNESDAY 17:30
rec4NETTtot5GTy4Q,B13,BEGINNER,SCRATCH,Jess,WEDNESDAY 17:30
rec5sZ5Iaj7dsRmGc,B13,BEGINNER,SCRATCH,Jess,WEDNESDAY 17:30
rec7rojCzz07VKH12,B13,BEGINNER,SCRATCH,Jess,WEDNESDAY 17:30
recnSb1Ph2fF3K06s,B13,BEGINNER,SCRATCH,Jess,WEDNESDAY 17:30
reciADsSaqykd4enO,B13,BEGINNER,SCRATCH,Kiah,MONDAY 17:30
rec2MadsC4Ljhe7fC,B13,BEGINNER,SCRATCH,Kiah,MONDAY 17:30
recwf2SuY6ZS9EnU8,B13,BEGINNER,SCRATCH,Kiah,MONDAY 17:30
recsmBfGaXzM4t4R3,B13,BEGINNER,SCRATCH,Kiah,MONDAY 17:30
recNz5qBZssbSVvCX,B13,BEGINNER,SCRATCH,Kiah,MONDAY 17:30
reclQQR2PxOs8hGyA,B13,BEGINNER,SCRATCH,Kiah,MONDAY 17:30
recx7hqrWm3geERP7,B13,BEGINNER,SCRATCH,Kiah,MONDAY 17:30
recUqwBg5OhbHO8dW,B13,BEGINNER,SCRATCH,Kiah,THURSDAY 16:30
recIqeLVhpwfkPxoy,B13,BEGINNER,SCRATCH,Kiah,THURSDAY 16:30
recI47bD1cuKG2inC,B13,BEGINNER,SCRATCH,Kiah,THURSDAY 16:30
recSXc0iAbWMeenkv,B13,BEGINNER,SCRATCH,Kiah,THURSDAY 16:30
recQelLukzbdzu8Of,B13,BEGINNER,SCRATCH,Kiah,THURSDAY 16:30
recOMbCtJWoc2FIJX,I10,INTERMEDIATE2,SCRATCH,David,TUESDAY 17:30
recAm62lDW7Vr2K0O,I10,INTERMEDIATE2,SCRATCH,David,TUESDAY 17:30
recd8zidLK3xB6l9f,I10,INTERMEDIATE2,SCRATCH,David,TUESDAY 17:30
rec9sJNzpWZzxxSXL,I10,INTERMEDIATE2,SCRATCH,David,TUESDAY 17:30
recVrVOrsjA1HMJw6,I10,INTERMEDIATE2,SCRATCH,David,TUESDAY 17:30
rec4VenPNvedNLwNI,I10,INTERMEDIATE2,SCRATCH,Hendrik,TUESDAY 16:30
recRvVZWwQzQt2nLL,I10,INTERMEDIATE2,SCRATCH,Hendrik,TUESDAY 16:30
recZFpMtcKs3wWTeg,I10,INTERMEDIATE2,SCRATCH,Hendrik,TUESDAY 16:30
recaTowAwm1yBITq5,I10,INTERMEDIATE2,SCRATCH,Hendrik,TUESDAY 16:30
recL7hqDGLtmDEnqW,I10,INTERMEDIATE2,SCRATCH,Hendrik,TUESDAY 16:30
rec1QDOvgKR2Y3xoi,I10,INTERMEDIATE2,SCRATCH,Liza,THURSDAY 17:30
recD3zH13FQ92dVwo,I10,INTERMEDIATE2,SCRATCH,Liza,THURSDAY 17:30
recjvEHug0ztZM3Ub,I10,INTERMEDIATE2,SCRATCH,Liza,THURSDAY 17:30
recB056FUeMB4piLK,I10,INTERMEDIATE2,SCRATCH,Liza,THURSDAY 17:30
recy7I2zh9yIMt6zI,I10,INTERMEDIATE2,SCRATCH,Liza,THURSDAY 17:30
reckeHCvsKgXrBuev,I10,INTERMEDIATE2,SCRATCH,Liza,THURSDAY 17:30
recCuJWdvOTp2RWrm,I10,INTERMEDIATE2,SCRATCH,Liza,THURSDAY 17:30
recrVOaw6tFbFbTw1,I10,INTERMEDIATE2,SCRATCH,Louise,MONDAY 16:30
recIFHm1RjK37SMo2,I10,INTERMEDIATE2,SCRATCH,Louise,MONDAY 16:30
recQaoib4b62LiIhN,I10,INTERMEDIATE2,SCRATCH,Louise,MONDAY 16:30
recnM6R0xVCFPDC7D,I10,INTERMEDIATE2,SCRATCH,Louise,MONDAY 16:30
recTE6QPpr9MwyCAa,I10,INTERMEDIATE2,SCRATCH,Louise,MONDAY 16:30
recf6AQ7XytmOwrbX,I10,INTERMEDIATE2,SCRATCH,Louise,MONDAY 16:30
rec4UeW0QWT1ppysm,I10,INTERMEDIATE2,SCRATCH,Louise,MONDAY 16:30
recirgidyhCU39KFi,I10,INTERMEDIATE2,SCRATCH,Selasie,MONDAY 16:30
recWntGlsVa8dgYxx,I10,INTERMEDIATE2,SCRATCH,Selasie,MONDAY 16:30
recaVH5dcdzTEzMim,I10,INTERMEDIATE2,SCRATCH,Selasie,MONDAY 16:30
rec9tXMCymVLAdWJ6,I10,INTERMEDIATE2,SCRATCH,Selasie,MONDAY 16:30
reczjLw1V5iqhzfWu,I10,INTERMEDIATE2,SCRATCH,Selasie,MONDAY 16:30
recrk0SaMQ0EG98Vb,I10,INTERMEDIATE2,SCRATCH,Selasie,MONDAY 16:30
recwXALwAPFJzb0ij,I10,INTERMEDIATE2,SCRATCH,Selasie,MONDAY 16:30
recAvSHBWJJdkEVKd,I10,INTERMEDIATE2,SCRATCH,Selasie,WEDNESDAY 15:30
reciUXHCwF61OUamv,I10,INTERMEDIATE2,SCRATCH,Selasie,WEDNESDAY 15:30
recMnwIIgh815oKqq,I10,INTERMEDIATE2,SCRATCH,Selasie,WEDNESDAY 15:30
recPn6F6RxH6e0lJg,I10,INTERMEDIATE2,SCRATCH,Vivienne,MONDAY 15:30
recbfQO5p7jjydJe2,I10,INTERMEDIATE2,SCRATCH,Vivienne,MONDAY 15:30
rec9DjkywMgbSqBsD,I10,INTERMEDIATE2,SCRATCH,Vivienne,MONDAY 15:30
reccazFOeuZlJO5FE,I10,INTERMEDIATE2,SCRATCH,Vivienne,MONDAY 15:30
recIadlIC02fYZxnc,I10,INTERMEDIATE2,SCRATCH,Vivienne,MONDAY 15:30
recQEKgLKFgkC3BwF,I10,INTERMEDIATE2,SCRATCH,Vivienne,MONDAY 15:30
rec5qeHib9Y9acm6H,I10,INTERMEDIATE2,SCRATCH,Vivienne,MONDAY 15:30
recRGgBCqEwWBa317,I11,INTERMEDIATE2,SCRATCH,Dan,TUESDAY 16:30
recUJThUum2UY7jdB,I11,INTERMEDIATE2,SCRATCH,Dan,TUESDAY 16:30
rec8abTrJDNZ6ng53,I11,INTERMEDIATE2,SCRATCH,Dan,TUESDAY 16:30
rec4pCteia896zG8Y,I11,INTERMEDIATE2,SCRATCH,Dan,TUESDAY 16:30
recLK3sTsnhA1uUQv,I11,INTERMEDIATE2,SCRATCH,Dan,TUESDAY 16:30
recL4frx3AiXhxnZh,I11,INTERMEDIATE2,SCRATCH,Dan,TUESDAY 16:30
recdj2ZrUlCUM9mMq,I11,INTERMEDIATE2,SCRATCH,Dan,TUESDAY 16:30
reczxbenIN8IzGNIi,I11,INTERMEDIATE2,SCRATCH,David,TUESDAY 16:30
rec3dbBgcLqgzWTjM,I11,INTERMEDIATE2,SCRATCH,David,TUESDAY 16:30
recpHis5KcOke2qlG,I11,INTERMEDIATE2,SCRATCH,David,TUESDAY 16:30
recVp8jb7oZf0gwDx,I11,INTERMEDIATE2,SCRATCH,David,TUESDAY 16:30
rec1Qr7ggr227Oce5,I11,INTERMEDIATE2,SCRATCH,David,TUESDAY 16:30
reczlhem2F0Hs30gw,I11,INTERMEDIATE2,SCRATCH,David,TUESDAY 16:30
recYWMwG5rBkB9BQi,I11,INTERMEDIATE2,SCRATCH,Hendrik,THURSDAY 16:30
recuQjiTJ3IRsS0Ta,I11,INTERMEDIATE2,SCRATCH,Hendrik,THURSDAY 16:30
recGC8Lb6SiCJL667,I11,INTERMEDIATE2,SCRATCH,Hendrik,THURSDAY 16:30
rec6UqF7C70IrPFdF,I11,INTERMEDIATE2,SCRATCH,Hendrik,THURSDAY 16:30
recRBlBAPli7LUYyT,I11,INTERMEDIATE2,SCRATCH,Inhle,MONDAY 16:30
recCPXWQirLSqH4q8,I11,INTERMEDIATE2,SCRATCH,Inhle,MONDAY 16:30
recqNqeUMUh3xEbJn,I11,INTERMEDIATE2,SCRATCH,Inhle,MONDAY 16:30
recjYN2p2zXe0B5Wy,I11,INTERMEDIATE2,SCRATCH,Inhle,MONDAY 16:30
recnhJsDczOYttpHM,I11,INTERMEDIATE2,SCRATCH,Inhle,MONDAY 16:30
recJfC659sWKrCatc,I11,INTERMEDIATE2,SCRATCH,Inhle,MONDAY 16:30
recXXPicEVaW9Uzts,I11,INTERMEDIATE2,SCRATCH,Inhle,MONDAY 16:30
recwVdGHjoVkNvoEG,I11,INTERMEDIATE2,SCRATCH,Inhle,MONDAY 17:30
recSvFXyHqQJNrVvX,I11,INTERMEDIATE2,SCRATCH,Inhle,MONDAY 17:30
recmKlexxg7NSAlyv,I11,INTERMEDIATE2,SCRATCH,Inhle,MONDAY 17:30
reciBrt1PlCmtdk7H,I11,INTERMEDIATE2,SCRATCH,Inhle,MONDAY 17:30
recrriS8foqOQw9qw,I11,INTERMEDIATE2,SCRATCH,Inhle,MONDAY 17:30
receP8mKmSaXxzDuz,I11,INTERMEDIATE2,SCRATCH,Inhle,MONDAY 17:30
rec0AvU2kSpIFpKnE,I11,INTERMEDIATE2,SCRATCH,Inhle,WEDNESDAY 17:30
recCkKOnMvIeccBXi,I11,INTERMEDIATE2,SCRATCH,Inhle,WEDNESDAY 17:30
recnhDH98wz3cC6aw,I11,INTERMEDIATE2,SCRATCH,Inhle,WEDNESDAY 17:30
recEvA9gRfwOGnTMR,I11,INTERMEDIATE2,SCRATCH,Inhle,WEDNESDAY 17:30
recKyD0qoMjAvQtZd,I11,INTERMEDIATE2,SCRATCH,Inhle,WEDNESDAY 17:30
recOS130DqSy9r3JW,I11,INTERMEDIATE2,SCRATCH,Inhle,WEDNESDAY 17:30
recYh6fgiUmTaJ9lZ,I12,INTERMEDIATE1,SCRATCH,Dan,MONDAY 16:30
rec59FaBu8qqI49rh,I12,INTERMEDIATE1,SCRATCH,Dan,MONDAY 16:30
recrhcdIn7TRPQ4Qn,I12,INTERMEDIATE1,SCRATCH,Dan,MONDAY 16:30
recU9f5NiYjwb1vdy,I12,INTERMEDIATE1,SCRATCH,Dan,MONDAY 16:30
recZf5kq5kn5Jef7k,I12,INTERMEDIATE1,SCRATCH,Dan,MONDAY 16:30
recibP8LheDeGpnAZ,I12,INTERMEDIATE1,SCRATCH,Dan,MONDAY 16:30
recrf9tx9guG0EMz0,I12,INTERMEDIATE1,SCRATCH,Dan,MONDAY 16:30
recqNgDIHdHiEgk45,I12,INTERMEDIATE1,SCRATCH,David,MONDAY 16:30
recoejUQtu1k0tueu,I12,INTERMEDIATE1,SCRATCH,David,MONDAY 16:30
recBG2sn4FRwBLVwG,I12,INTERMEDIATE1,SCRATCH,David,MONDAY 17:30
recHVmWJ5VVrYN02d,I12,INTERMEDIATE1,SCRATCH,David,MONDAY 17:30
rec8DMIMc4vKUff5b,I12,INTERMEDIATE1,SCRATCH,David,MONDAY 17:30
recbLFEvSeJSFpWyL,I12,INTERMEDIATE1,SCRATCH,David,MONDAY 17:30
reckYQ915ysdYLdVg,I12,INTERMEDIATE1,SCRATCH,David,MONDAY 17:30
recDiPIUJFnbKYpx3,I12,INTERMEDIATE1,SCRATCH,David,MONDAY 17:30
recKIaaGH8lP0G9hr,I12,INTERMEDIATE1,SCRATCH,David,MONDAY 17:30
recf7qBI1vHlf0KPd,I12,INTERMEDIATE1,SCRATCH,Dieter,WEDNESDAY 15:30
recrqnPhtWF4HSo5t,I12,INTERMEDIATE1,SCRATCH,Dieter,WEDNESDAY 15:30
recgBGtg3lQCoaE3K,I12,INTERMEDIATE1,SCRATCH,Dieter,WEDNESDAY 15:30
recoPm8madu1dv09d,I12,INTERMEDIATE1,SCRATCH,Dieter,WEDNESDAY 15:30
rec3AE3seZJVpfCiB,I12,INTERMEDIATE1,SCRATCH,Dieter,WEDNESDAY 15:30
recknL6afilnEYGN2,I12,INTERMEDIATE1,SCRATCH,Dieter,WEDNESDAY 15:30
reczBinaBPjaxdHFz,I12,INTERMEDIATE1,SCRATCH,Dieter,WEDNESDAY 15:30
recgHOwaWqrCYguOM,I12,INTERMEDIATE1,SCRATCH,Greg,WEDNESDAY 15:30
recRVvztuL4j1cp0a,I12,INTERMEDIATE1,SCRATCH,Greg,WEDNESDAY 15:30
recaqc7pTTGjT2QPc,I12,INTERMEDIATE1,SCRATCH,Greg,WEDNESDAY 15:30
rec7tonzoH5WsseJU,I12,INTERMEDIATE1,SCRATCH,Greg,WEDNESDAY 15:30
rec5Htlc1KHgMZKFa,I12,INTERMEDIATE1,SCRATCH,Greg,WEDNESDAY 15:30
recFFfUy9gB7nAkmF,I12,INTERMEDIATE1,SCRATCH,Tiffany,WEDNESDAY 16:30
recldhIkeURWdncLR,I12,INTERMEDIATE1,SCRATCH,Tiffany,WEDNESDAY 16:30
rec5ElPWlZnxNDdcp,I12,INTERMEDIATE1,SCRATCH,Tiffany,WEDNESDAY 16:30
recdVxkJHCxsw3gNr,I12,INTERMEDIATE1,SCRATCH,Tiffany,WEDNESDAY 16:30
recb7IlrI1o52bZE7,I12,INTERMEDIATE1,SCRATCH,Tiffany,WEDNESDAY 16:30
recMsrIPSoJsouXyE,I13,INTERMEDIATE1,SCRATCH,Christine,THURSDAY 16:30
recbzyRyKAiEpv6uW,I13,INTERMEDIATE1,SCRATCH,Christine,THURSDAY 16:30
recqfcycDcbefrb1E,I13,INTERMEDIATE1,SCRATCH,Christine,THURSDAY 16:30
recaCacb6qJeHa5yR,I13,INTERMEDIATE1,SCRATCH,Christine,THURSDAY 16:30
rec225REfdUKOnzA3,I13,INTERMEDIATE1,SCRATCH,Christine,THURSDAY 16:30
rec75gdKtPMyPJ9fB,I13,INTERMEDIATE1,SCRATCH,Dieter,MONDAY 16:30
recdPq9kLfNVHiqZH,I13,INTERMEDIATE1,SCRATCH,Dieter,MONDAY 16:30
reclFANNaJ8o25jjf,I13,INTERMEDIATE1,SCRATCH,Dieter,MONDAY 16:30
reclSaX12XbH4ZkG8,I13,INTERMEDIATE1,SCRATCH,Dieter,MONDAY 16:30
recmbSPA6EHdr1I1D,I13,INTERMEDIATE1,SCRATCH,Jess,WEDNESDAY 15:30
recaIw2aY6xZftguo,I13,INTERMEDIATE1,SCRATCH,Jess,WEDNESDAY 15:30
recw5X0EFcpXCNVop,I13,INTERMEDIATE1,SCRATCH,Jess,WEDNESDAY 15:30
rec4V61m31BJAvMjY,I13,INTERMEDIATE1,SCRATCH,Jess,WEDNESDAY 15:30
recGYIuzbcsYLBvj1,I13,INTERMEDIATE1,SCRATCH,Jess,WEDNESDAY 15:30
recnUkxXcO9KsguD6,I13,INTERMEDIATE1,SCRATCH,Jess,WEDNESDAY 15:30
recZLnbdCe6xoloaM,I13,INTERMEDIATE1,SCRATCH,Jess,WEDNESDAY 15:30
recS4nRTOXCk2FNji,I8,INTERMEDIATE2,SCRATCH,Joseph,MONDAY 16:30
recBAYZUoE3w8FUle,I8,INTERMEDIATE2,SCRATCH,Joseph,MONDAY 16:30
recuj1pcjlREVMt74,I8,INTERMEDIATE2,SCRATCH,Joseph,MONDAY 16:30
recnqA2tKAtZOfVIT,I8,INTERMEDIATE2,SCRATCH,Joseph,MONDAY 16:30
recX4nAKCNeTXgqLr,I8,INTERMEDIATE2,SCRATCH,Joseph,MONDAY 16:30
recxKy35JEZ3j3ny1,I8,INTERMEDIATE2,SCRATCH,Joseph,MONDAY 16:30
recFZAXpHO9uuyCWg,I8,INTERMEDIATE2,SCRATCH,Selasie,MONDAY 17:30
rec2sEieigF3YjtvA,I8,INTERMEDIATE2,SCRATCH,Selasie,MONDAY 17:30
rec7QeJeJySUrSsao,I8,INTERMEDIATE2,SCRATCH,Selasie,MONDAY 17:30
recqOJts5YJ42ZM3n,I8,INTERMEDIATE2,SCRATCH,Selasie,MONDAY 17:30
recEzbgnXFToHPVEg,I8,INTERMEDIATE2,SCRATCH,Selasie,MONDAY 17:30
recqzgf2W2IzMP5h0,I8,INTERMEDIATE2,SCRATCH,Selasie,MONDAY 17:30
rec3iNN9UPQCL9TI8,I8,INTERMEDIATE2,SCRATCH,Vivienne,TUESDAY 17:30
recpKGxk6icmxerr4,I8,INTERMEDIATE2,SCRATCH,Vivienne,TUESDAY 17:30
recnnWWD1CIns5o26,I8,INTERMEDIATE2,SCRATCH,Vivienne,TUESDAY 17:30
rec7srHjgUJaxBmQH,I8,INTERMEDIATE2,SCRATCH,Vivienne,TUESDAY 17:30
recSN3eYw59zXj9pI,I8,INTERMEDIATE2,SCRATCH,Vivienne,TUESDAY 17:30
recf9qjMovaC4gZZQ,I8,INTERMEDIATE2,SCRATCH,Vivienne,TUESDAY 17:30
recLIxCZ5lhRQjYRA,I9,INTERMEDIATE2,SCRATCH,David,WEDNESDAY 16:30
recQAhXDIO5maBwE1,I9,INTERMEDIATE2,SCRATCH,David,WEDNESDAY 16:30
recVCbZfgzhmnHjLW,I9,INTERMEDIATE2,SCRATCH,David,WEDNESDAY 16:30
reckMr79o4xgcr1Vw,I9,INTERMEDIATE2,SCRATCH,David,WEDNESDAY 16:30
recxsE4fun3z9uaUs,I9,INTERMEDIATE2,SCRATCH,David,WEDNESDAY 16:30
recXiJIG4x0vYFIWT,I9,INTERMEDIATE2,SCRATCH,Greg,THURSDAY 17:30
recw7BMdkj3utJuF2,I9,INTERMEDIATE2,SCRATCH,Greg,THURSDAY 17:30
recqpowYrPjfd7awb,I9,INTERMEDIATE2,SCRATCH,Greg,THURSDAY 17:30
recJyj82MIQrklLeE,I9,INTERMEDIATE2,SCRATCH,Greg,THURSDAY 17:30
recDtQBvs6yIi9mzO,I9,INTERMEDIATE2,SCRATCH,Imaan,TUESDAY 17:30
recerLgLuRGRmPaHn,I9,INTERMEDIATE2,SCRATCH,Imaan,TUESDAY 17:30
recWd0CrO9X7dyf8j,I9,INTERMEDIATE2,SCRATCH,Imaan,TUESDAY 17:30
rec5z9e9XYhoYMZSM,I9,INTERMEDIATE2,SCRATCH,Imaan,TUESDAY 17:30
recEr5H3TUjtXlNw8,I9,INTERMEDIATE2,SCRATCH,Joseph,MONDAY 15:30
recIhGMbBJ2iDJ9zw,I9,INTERMEDIATE2,SCRATCH,Joseph,MONDAY 15:30
recuWNMMCz1cqleEc,I9,INTERMEDIATE2,SCRATCH,Joseph,MONDAY 15:30
reccoygnC9V1ogiVI,I9,INTERMEDIATE2,SCRATCH,Joseph,MONDAY 15:30
rec430dclk5nVdByC,I9,INTERMEDIATE2,SCRATCH,Joseph,MONDAY 15:30
rechOqzkAAQ1TAyBI,I9,INTERMEDIATE2,SCRATCH,Joseph,MONDAY 15:30
recRlDToWWGLXKIhI,P13,PREBEGINNER,SCRATCH,Jess,TUESDAY 15:30
recNu3NYVD8uSpijh,P13,PREBEGINNER,SCRATCH,Jess,TUESDAY 15:30
recbQLpoTyAySSBpq,P13,PREBEGINNER,SCRATCH,Jess,TUESDAY 15:30
recnY0TKt3f3cJRzc,P13,PREBEGINNER,SCRATCH,Jess,TUESDAY 17:30
recEcE2jnIMTWl8Qk,P13,PREBEGINNER,SCRATCH,Jess,TUESDAY 17:30
reckBqLdpoEDYLgMl,P13,PREBEGINNER,SCRATCH,Jess,TUESDAY 17:30
rec73g8tyVaTtwGAW,P13,PREBEGINNER,SCRATCH,Jess,TUESDAY 17:30
